,Rsolo,Rsub,Rsup,Rsup2,P,Es,Er,Rec,Ed,Emarg,Ed2,Eb,Q
0,20.0,843325.2450438214,729.6758359958698,0.0,0.0,0.0,0.0,0.0,0.0,0.0,0.0,0.0,0.0
1,19.329032258,839437.2450438214,200.0,29.68485666066418,0.0,0.0,0.6709677420000001,0.0,86.39999999999999,29.68485666066418,0.0,3888.0000000000005,46.0
2,18.68057440154023,835567.169971468,176.31825099920422,29.68485666066418,0.0,0.0,0.6484578564597712,0.0,23.68174900079576,0.0,1.9879060472233572,3870.075072353355,45.089638048627016
3,17.868700452742704,831714.9371870928,155.44062817709192,29.68485666066418,0.008752067554,0.0,0.8206260163515269,0.0,20.877622822112304,0.0,1.9879060472233572,3852.232784375212,44.850674921811894
4,17.090547368452718,827880.4644320227,137.03509847201235,29.68485666066418,0.0,0.0,0.7781530842899845,0.0,18.40552970507956,0.0,1.9879060472233572,3834.472755070181,44.61650683822319
5,16.346281595900454,824063.6698268233,120.80894444044472,29.68485666066418,0.0,0.0,0.7442657725522653,0.0,16.226154031567635,0.0,1.9879060472233572,3816.7946051993817,44.386674366645515
6,15.634427397316575,820264.471869551,106.50410894399626,29.68485666066418,0.0,0.0,0.7118541985838787,0.0,14.304835496448462,0.0,1.9879060472233572,3799.197957272349,44.16077197703728
7,14.953573300931387,816482.789434012,93.89309106617063,29.68485666066418,0.0,0.0,0.6808540963851877,0.0,12.611017877825631,0.0,1.9879060472233572,3781.6824355389667,43.93844166046315
8,14.302369302294203,812718.5417680306,82.77532798848107,29.68485666066418,0.0,0.0,0.6512039986371848,0.0,11.117763077689558,0.0,1.9879060472233572,3764.24766598145,43.719367304471795
9,13.679524187470738,808971.6484917243,72.9740052840723,29.68485666066418,0.0,0.0,0.6228451148234648,0.0,9.801322704408763,0.0,1.9879060472233572,3746.8932763063544,43.50326973446744
10,13.08380297281095,805242.0295957876,64.33324490047158,29.68485666066418,0.0,0.0,0.5957212146597887,0.0,8.64076038360072,0.0,1.9879060472233572,3729.618895936629,43.28990234221589
11,12.514024456210848,801529.6054397839,56.715626109773126,29.68485666066418,0.0,0.0,0.569778516600102,0.0,7.617618790698459,0.0,1.9879060472233572,3712.4241560037003,43.079047231963216
12,11.96905887501291,797834.2967504443,50.0,29.68485666066418,0.0,0.0,0.544965581197937,0.0,6.715626109773128,0.0,1.9879060472233572,3695.3086893395994,42.87051182287726
13,11.447825665901158,794156.0246199752,44.079562749801056,29.68485666066418,0.0,0.0,0.5212332091117527,0.0,5.92043725019894,0.0,1.9879060472233572,3678.272130469118,42.6641258537794
14,10.949291322349179,790494.7105043732,38.86015704427298,29.68485666066418,0.0,0.0,0.4985343435519789,0.0,5.219405705528076,0.0,1.9879060472233572,3661.314115602006,42.45973874253191
15,10.472467345372847,786850.276221748,34.25877461800309,29.68485666066418,0.0,0.0,0.47682397697633294,0.0,4.60138242626989,0.0,1.9879060472233572,3644.4342826252037,42.25721725808677
16,10.016408283524441,783222.6439506529,30.20223611011118,29.68485666066418,0.0,0.0,0.4560590618484061,0.0,4.056538507891909,0.0,1.9879060472233572,3627.632271095108,42.05644346817388
17,9.580209858241872,779611.7362284231,26.626027235999064,29.68485666066418,0.0,0.0,0.43619842528256897,0.0,3.5762088741121154,0.0,1.9879060472233572,3610.907722229878,41.8573129299909
18,9.163007170835918,776017.4759495213,23.473272766542657,29.68485666066418,0.0,0.0,0.41720268740595323,0.0,3.152754469456408,0.0,1.9879060472233572,3594.26027890177,41.65973309512095
19,8.76397298756028,772439.7863638918,20.693831997120267,29.68485666066418,0.0,0.0,0.39903418327563844,0.0,2.7794407694223895,0.0,1.9879060472233572,3577.6895856295155,41.46362190331205
20,8.382316099364061,768878.5910753211,18.243501321018076,29.68485666066418,0.0,0.0,0.38165688819621857,0.0,2.450330676102191,0.0,1.9879060472233572,3561.1952885707283,41.26890654275525
21,8.017279753074392,765333.8140398067,16.083311225117896,29.68485666066418,0.0,0.0,0.3650363462896682,0.0,2.16019009590018,0.0,1.9879060472233572,3544.7770355143484,41.07552235714667
22,7.672350217338089,761805.3795639336,14.178906527443282,29.68485666066418,0.05251240532,0.0,0.39744194105630337,0.0,1.9044046976746147,0.0,1.9879060472233572,3528.4344758731227,40.88341188215302
23,7.340917697202991,758293.2123032574,12.5,29.68485666066418,0.03500827022,0.0,0.3664407903550978,0.0,1.678906527443282,0.0,1.9879060472233572,3512.167260676118,40.692523995958155
24,7.13208042888372,754797.2372606961,11.019890687450264,29.68485666066418,1.51,0.0,1.7188372683192714,0.0,1.480109312549735,0.0,1.9879060472233572,3495.975042561268,40.50281317038242
25,6.827730694833002,751317.3797849282,9.715039261068245,29.68485666066418,0.08750413511,0.0,0.39185386916071796,0.0,1.304851426382019,0.0,1.9879060472233572,3479.857475767958,40.31423881066624
26,6.530394035519862,747853.5655687986,8.564693654500772,29.68485666066418,0.0,0.0,0.2973366593131396,0.0,1.1503456065674724,0.0,1.9879060472233572,3463.81421612964,40.12676467341934
27,6.246005908145512,744405.720647732,7.550559027527795,29.68485666066418,0.0,0.0,0.28438812737435015,0.0,1.0141346269729772,0.0,1.9879060472233572,3447.8449210664858,39.940358353480114
28,5.974002425028704,740973.771398154,6.656506808999766,29.68485666066418,0.0,0.0,0.2720034831168078,0.0,0.8940522185280289,0.0,1.9879060472233572,3431.949249578067,39.754990831525674
29,5.713844254887215,737557.6445359179,5.868318191635664,29.68485666066418,0.0,0.0,0.26015817014148873,0.0,0.788188617364102,0.0,1.9879060472233572,3416.12686223608,39.57063607523921
30,5.465515632955394,734157.2671147408,5.173457999280067,29.68485666066418,0.008752067554,0.0,0.25708068948582147,0.0,0.6948601923555974,0.0,1.9879060472233572,3400.3774211770924,39.387270687692954
31,5.227501242470351,730772.5665246454,4.560875330254519,29.68485666066418,0.0,0.0,0.238014390485043,0.0,0.6125826690255477,0.0,1.9879060472233572,3384.700590095332,39.204873597356254
32,4.99985199479752,727403.4704904099,4.020827806279474,29.68485666066418,0.0,0.0,0.2276492476728298,0.0,0.540047523975045,0.0,1.9879060472233572,3369.096034235502,39.02342578479977
33,4.782554095109555,724049.9070700243,3.5447266318608204,29.68485666066418,0.008752067554,0.0,0.2260499672419649,0.0,0.4761011744186537,0.0,1.9879060472233572,3353.563420385638,38.842910041750926
34,4.564150791416943,720711.8046531543,3.125,29.68485666066418,0.0,0.0,0.21840330369261152,0.0,0.4197266318608205,0.0,1.9879060472233572,3338.1024168699873,38.66331075866981
35,4.355721238593689,717389.0919596124,2.754972671862566,29.68485666066418,0.0,0.0,0.20842955282325423,0.0,0.3700273281374338,0.0,1.9879060472233572,3322.7126935419305,38.48461373746865
36,4.1575724000140095,714081.6980378355,2.4287598152670613,29.68485666066418,0.01750413511,0.0,0.21565297368967906,0.0,0.32621285659550475,0.0,1.9879060472233572,3307.393921776928,38.30680602639753
37,3.974800946723751,710789.55226337,2.141173413625193,29.68485666066418,0.170556733,0.0,0.3533281862902581,0.0,0.2875864016418681,0.0,1.9879060472233572,3292.1457744655067,38.1298757744719
38,3.793980791338185,707512.5843373637,1.8876397568819487,29.68485666066418,0.01750413511,0.0,0.19832429049556588,0.0,0.2535336567432443,0.0,1.9879060472233572,3276.9679260062726,37.953812103127774
39,3.6207223351877613,704250.7242850647,1.6641267022499415,29.68485666066418,0.0,0.0,0.1732584561504237,0.0,0.2235130546320072,0.0,1.9879060472233572,3261.8600522989573,37.77860499306496
40,3.4556929032668364,701003.9024543272,1.467079547908916,29.68485666066418,0.008752067554,0.0,0.17378149947492508,0.0,0.1970471543410255,0.0,1.9879060472233572,3246.821830737501,37.60424518447992
41,3.298185371916818,697772.049514124,1.2933644998200167,29.68485666066418,0.008752067554,0.0,0.16625959890401845,0.0,0.17371504808889934,0.0,1.9879060472233572,3231.85294020316,37.43072408910269
42,3.1475682399216227,694555.0964530664,1.1402188325636298,29.68485666066418,0.0,0.0,0.1506171319951953,0.0,0.15314566725638692,0.0,1.9879060472233572,3216.9530610576508,37.2580337126404
43,3.0038292902880435,691352.9745779302,1.0052069515698685,29.68485666066418,0.0,0.0,0.14373894963357933,0.0,0.13501188099376124,0.0,1.9879060472233572,3202.1218751363253,37.086166586395166
44,2.8671802136923223,688165.6155121888,0.8861816579652051,29.68485666066418,0.01750413511,0.0,0.15415321170572094,0.0,0.11902529360466342,0.0,1.9879060472233572,3187.3590657413774,36.91511570696997
45,2.7362456505908157,684992.9511945536,0.78125,29.68485666066418,0.0,0.0,0.13093456310150664,0.0,0.10493165796520512,0.0,1.9879060472233572,3172.6643176350776,36.74487448310493
46,2.613445735148205,681834.9138775206,0.6887431679656415,29.68485666066418,0.07876860799,0.0,0.20156852343261078,0.0,0.09250683203435844,0.0,1.9879060472233572,3158.037317033045,36.5754366887998
47,2.4943977946567255,678691.4361259231,0.6071899538167653,29.68485666066418,0.01145670452,0.0,0.13050464501147974,0.0,0.08155321414887619,0.0,1.9879060472233572,3143.4777515975447,36.4067964219782
48,2.390931013107602,675562.4508154922,0.5352933534062982,29.68485666066418,0.4187003013,0.0,0.5221670828491235,0.0,0.07189660041046703,0.0,1.9879060472233572,3128.9853104308204,36.238948068037665
49,2.293731237652359,672447.8911314238,0.4719099392204872,29.68485666066418,0.5013140942,0.0,0.598513869655243,0.0,0.06338341418581107,0.0,1.9879060472233572,3114.5596840684516,36.071886267706724
50,2.2550383067220072,669347.6905669511,0.42402526217699366,29.68485666066418,2.887761183,0.007993586614508278,2.9184605273158435,0.0,0.0558782636580018,0.0,1.9879060472233572,3100.2005644727506,35.90560588869944
51,4.626237974279444,666261.7829219248,0.6365395904751971,29.68485666066418,7.200588962,0.2627226274425644,4.566666667,0.0,0.050208299144360896,0.0,1.9879060472233572,3085.907645026181,35.740112955700795
52,4.427648307254393,663190.1023014,0.5611677364216825,29.68485666066418,0.2739850512,0.0,0.47257471822505204,0.0,0.07537185405351471,0.0,1.9879060472233572,3071.6806205248113,35.57573956511676
53,4.363373772665664,660132.5831142282,0.5078824149144636,29.68485666066418,3.12816546,0.013161845899196147,3.1792781486895323,0.0,0.06644716740641499,0.0,1.9879060472233572,3057.5191871718,35.4117307915096
54,4.172459342599143,657089.1600716573,0.44774469555485197,29.68485666066418,0.1912810133,0.0,0.3821954433665219,0.0,0.06013771935961168,0.0,1.9879060472233572,3043.4230425709034,35.24850794372091
55,3.983377738448017,654059.7681859372,0.39472780807201335,29.68485666066418,0.03500827022,0.0,0.22408987437112565,0.0,0.05301688748283859,0.0,1.9879060472233572,3029.391885720024,35.08602787794827
56,3.801470155045613,651044.3427689325,0.3479885837000348,29.68485666066418,0.0,0.0,0.18190758340240404,0.0,0.04673922437197851,0.0,1.9879060472233572,3015.4254170047807,34.92430627634694
57,3.6283048473528057,648042.8194307403,0.3067836922284017,29.68485666066418,0.01144722215,0.0,0.18461252984280718,0.0,0.04120489147163316,0.0,1.9879060472233572,3001.52333819211,34.763338531606536
58,3.4781686913634555,645055.1340783164,0.27045782024394976,29.68485666066418,0.4287520676,0.0,0.5788882235893497,0.0,0.036325871984451925,0.0,1.9879060472233572,2987.685352423897,34.6031201891563
59,6.876848830109818,642081.2229141057,0.6313964114259902,29.68485666066418,8.358309968,0.39296316225363837,4.566666667,0.0,0.032024571071597785,0.0,1.9879060472233572,2973.9111642106404,34.44364693089046
60,22.93795061210403,639121.0224346806,5.21455656575481,29.68485666066418,25.28569146,4.657923011005788,4.566666667,0.0,0.07476285667696736,0.0,1.9879060472233572,2960.2004794251393,34.28545310566018
61,27.055084643241205,636174.4694293843,5.231865969914352,29.68485666066418,9.318559201,0.6347585028628263,4.566666667,0.0,0.6174490987032847,0.0,1.9879060472233572,2946.5530052962145,34.133777319932186
62,36.88054361333809,633241.5009789818,7.1484152292908885,29.68485666066418,16.92817358,2.536047942903119,4.566666667,0.0,0.6194986835265828,0.0,1.9879060472233572,2932.968450402454,33.976572397375044
63,35.24936403980725,630322.0544543158,6.301980353223225,29.68485666066418,0.1437937543,0.0,1.7749733278308404,0.0,0.8464348760676634,0.0,1.9879060472233572,2919.4465246659934,33.82269520357968
64,33.55512041334369,627416.0675149695,5.555770768558332,29.68485666066418,0.0,0.0,1.6942436264635574,0.0,0.7462095846648931,0.0,1.9879060472233572,2905.98693934632,33.66575295113667
65,32.812946786101136,624523.4781079354,4.903288765917575,29.68485666066418,2.600017062,0.005369841594025745,3.3368208476485246,0.0,0.6578518442347829,0.0,1.9879060472233572,2892.5894070341087,33.50966626071258
66,31.63381035589294,621644.2244662903,4.322696496753166,29.68485666066418,1.212941899,0.0,2.3920783292081955,0.0,0.580592269164408,0.0,1.9879060472233572,2879.253641645081,33.354422916220706
67,30.113346567788764,618778.2451078764,3.810851429539528,29.68485666066418,0.0,0.0,1.5204637881041771,0.0,0.5118450672136381,0.0,1.9879060472233572,2865.979358413901,33.199989693615024
68,28.91950690692859,615925.4788339883,3.359613294371134,29.68485666066418,0.841964776,0.0,2.0358044368601766,0.0,0.45123813516839406,0.0,1.9879060472233572,2852.766273888091,33.046359005445396
69,28.537380952819014,613085.8647280664,2.993496693231522,29.68485666066418,3.51679935,0.031690992745556534,3.8672343113640144,0.0,0.3978075938851688,0.0,1.9879060472233572,2839.6141059219813,32.89351643012836
70,30.156527197962333,610259.3421543957,2.9312061794690973,29.68485666066418,6.717763531,0.29216567285668044,4.806451613,0.0,0.35445618661910505,0.0,1.9879060472233572,2826.522573670684,32.7414923137098
71,28.8576301553689,607445.8507568116,2.584125734410254,29.68485666066418,0.4992678512,0.0,1.7981648937934342,0.0,0.3470804450588433,0.0,1.9879060472233572,2813.491397584095,32.59058314903214
72,28.383505632540814,604645.3304574107,2.2974866351757015,29.68485666066418,3.182817571,0.019343985909450582,3.6375981079186324,0.0,0.30598308514400324,0.0,1.9879060472233572,2800.520299400928,32.43997903395017
73,27.954269673789824,601857.7214552679,2.0492615941083323,29.68485666066418,3.317996551,0.02381746806720007,3.7234150416837912,0.0,0.2720425091345689,0.0,1.9879060472233572,2787.6090021427685,32.290149892351
74,26.771449919816416,599082.9642251597,1.8066111005651118,29.68485666066418,0.575184734,0.0,1.75800448797341,0.0,0.24265049354322063,0.0,1.9879060472233572,2774.757230108163,32.14106234547373
75,25.835859368920516,596320.9995162929,1.59269254743694,29.68485666066418,1.311719151,0.0,2.247309701895897,0.0,0.21391855312817182,0.0,1.9879060472233572,2761.9647088667293,31.992668211424547
76,28.832039423712047,593571.7683510396,1.89664026192621,29.68485666066418,8.295168108,0.4925364402084682,4.806451613,0.0,0.18858872571919805,0.0,1.9879060472233572,2749.2311652532967,31.844996065118508
77,42.59057360539919,590835.2120236775,6.697405884100372,29.68485666066418,23.59033021,5.025344415312862,4.806451613,0.0,0.22457879313870016,0.0,1.9879060472233572,2736.5563273620755,31.69871310419488
78,46.981155812292414,588111.5236278229,7.014865332586963,29.68485666066418,10.55905338,1.110490874005179,4.806451613,0.2515286861016031,0.7930314255185882,0.0,1.9879060472233572,2723.939924540847,31.559269236268392
79,43.690954555258955,585402.4809853832,6.196022329969596,29.68485666066418,2.796149738,0.011778397786173019,3.7343680238211263,2.340204573426159,0.8306214004035406,0.0,1.9879060472233572,2711.382847013146,31.414367759962655
80,42.80724044716468,582704.326488461,5.576123573921678,29.68485666066418,4.588522893,0.11376447206041104,4.619678342745591,0.7387941862882711,0.7336632281083284,0.0,1.9879060472233572,2698.8932911084626,31.268690513701326
81,45.49447822702294,580018.2181127716,5.579824199483697,29.68485666066418,8.503209172,0.6639624199371853,4.806451613,0.34555735920455216,0.660261794375167,0.0,1.9879060472233572,2686.453933048586,31.123866908451205
82,42.23689878798331,577345.7377959345,4.919124218680001,29.68485666066418,1.140545622,0.0,2.8083304248986245,1.5897946361410078,0.6606999808036952,0.0,1.9879060472233572,2674.0701114731537,30.98054071181922
83,49.930540396410166,574684.0887350136,6.719103760690096,29.68485666066418,14.98259879,2.382446867262672,4.806451613,0.10005870131046858,0.5824673252525767,0.0,1.9879060472233572,2661.749119622231,30.83703116892022
84,57.32988585810134,572038.5704333531,11.512395965860879,29.68485666066418,21.7544516,5.588892849025613,4.806451613,3.959761676283205,0.7956006438548286,0.0,1.9879060472233572,2649.4780633367964,30.697471875322623
85,45.97567863041074,569410.0776643899,10.149227607554424,29.68485666066418,0.3312967707,0.0,2.896897933763885,8.788606064626718,1.363168358306455,0.0,1.9879060472233572,2637.2813750278606,30.562875572145725
86,41.946082297701324,566786.7423297323,8.94747030378417,29.68485666066418,0.01750413511,0.0,2.2192552373238668,1.8278452304955575,1.2017573037702536,0.0,1.9879060472233572,2625.1631798880985,30.420750500452453
87,39.9336352979721,564173.6735675568,7.888011574152718,29.68485666066418,0.008752067554,0.0,2.021199067283222,0.0,1.0594587296314526,0.0,1.9879060472233572,2613.068762175489,30.2791218397262
88,38.01773945880123,561572.6518909002,6.954002023080435,29.68485666066418,0.008752067554,0.0,1.9246479067248712,0.0,0.9340095510722826,0.0,1.9879060472233572,2601.021676656532,30.13823602146791
89,36.19043520735754,558983.6217588325,6.130587370772352,29.68485666066418,0.0,0.0,1.8273042514436892,0.0,0.823414652308084,0.0,1.9879060472233572,2589.030132067688,29.998164962583562
90,34.450959450581784,556406.527886485,5.404672214061955,29.68485666066418,0.0,0.0,1.7394757567757564,0.0,0.7259151567103962,0.0,1.9879060472233572,2577.0938723474464,29.858885342029865
91,33.39801506129858,553841.3152438701,4.764711760037004,29.68485666066418,1.750094385,0.0,2.8030387742832055,0.0,0.6399604540249516,0.0,1.9879060472233572,2565.2126426148225,29.720376262917483
92,32.113928434584935,551287.9290547062,4.200528220225324,29.68485666066418,0.9616523806,0.0,2.2457390073136443,0.0,0.5641835398116807,0.0,1.9879060472233572,2553.3861891639144,29.58261896702488
93,35.208145639324,548746.3147952477,4.264860105575577,29.68485666066418,8.462379978,0.5617111602609308,4.806451613,0.0,0.49737927491067724,0.0,1.9879060472233572,2541.614259458486,29.445596583109026
94,51.504754014754305,546216.4181931212,11.747093194426537,29.68485666066418,29.09028981,7.9872298215697,4.806451613,0.0,0.5049967327187407,0.0,1.9879060472233572,2529.8966021265733,29.310063714195778
95,55.82356012646255,543703.080626341,14.364098498114782,29.68485666066418,18.08883682,4.007963866285072,4.866666667,4.895400175006689,1.3909585625968266,0.0,1.9879060472233572,2518.2329669551195,29.18532212459421
96,48.49030733675779,541204.1517554895,12.921384495730717,29.68485666066418,5.50833815,0.25812087389124294,4.866666667,7.716803398813527,1.700834876275308,0.0,1.9879060472233572,2506.6456742503533,29.05479647191958
97,46.85153004206621,538712.1741152067,11.797474687874965,29.68485666066418,6.781154461,0.4060951139975926,4.866666667,3.1471699746939903,1.5300049218533436,0.0,1.9879060472233572,2495.1248102575223,28.919475940122677
98,45.336004500285945,536230.8111375936,10.665763994489238,29.68485666066418,5.889370659,0.2652134786217525,4.866666667,2.273016055158517,1.3969241720074812,0.0,1.9879060472233572,2483.6359936682406,28.784963239438326
99,42.747993092955944,533760.1274346639,9.407352179214088,29.68485666066418,2.49866675,0.0045079138209441925,3.569759093129675,1.5124111503793776,1.2629197290960945,0.0,1.9879060472233572,2472.196114080077,28.651006248337925
100,40.347838726576995,531299.6417173245,8.293439413862902,29.68485666066418,0.0,0.0,2.0804023306663493,0.31975203571259464,1.1139127653511853,0.0,1.9879060472233572,2460.805469375149,28.51744546513569
101,38.384243908415755,528850.1798766683,7.3114236611008625,29.68485666066418,0.0,0.0,1.9635948181612397,0.0,0.9820157527620398,0.0,1.9879060472233572,2449.4618406562927,28.384626880280997
102,36.673586104769406,526412.0108411218,6.4456871611975135,29.68485666066418,0.41,0.0,2.120657803646343,0.0,0.8657364999033491,0.0,1.9879060472233572,2438.169035546472,28.252577292749987
103,34.88880491421505,523985.0825472298,5.6824614337518575,29.68485666066418,0.0,0.0,1.7847811905543562,0.0,0.7632257274456564,0.0,1.9879060472233572,2426.9282938920323,28.121289648920158
104,33.36775182536479,521569.343171566,5.00960830684779,29.68485666066418,0.5069498679,0.0,2.0280029567502593,0.0,0.6728531269040675,0.0,1.9879060472233572,2415.7393756637375,27.99074230136418
105,32.82062169935115,519164.74112962704,4.4394441880589275,29.68485666066418,3.24998668,0.023017313786491113,3.7740994922271502,0.0,0.5931814325753539,0.0,1.9879060472233572,2404.6020419389624,27.860915849754182
106,38.12110926660281,516771.22507473046,5.044090278984007,29.68485666066418,11.29746934,1.1303151057483445,4.866666667,0.0,0.5256690148232652,0.0,1.9879060472233572,2393.5160548965932,27.73182442081759
107,50.6485162190615,514388.74389691855,9.544780809904053,29.68485666066418,22.49202855,5.097954930541311,4.866666667,0.0,0.5972643996212655,0.0,1.9879060472233572,2382.481177811947,27.604934586328604
108,46.19539703357488,512021.6270670068,8.573610312982108,29.68485666066418,4.88199723,0.15901502011685348,4.795756255450247,4.380345139919528,1.130185517038799,0.0,1.9879060472233572,2371.497175051717,27.4839729932405
109,42.543748776612446,509662.9811404579,7.558419875668727,29.68485666066418,1.15727558,0.0,2.8708435201676883,1.9380803167947374,1.0151904373133813,0.0,1.9879060472233572,2360.5840068656767,27.356332214701542
110,42.283357915663636,507313.502579309,6.806706661748008,29.68485666066418,4.941630901,0.14326979777034388,4.82742085068056,0.23133111349790272,0.8949830116910634,0.0,1.9879060472233572,2349.7098922624245,27.22908311714513
111,40.31717137820963,504974.74435039517,6.000733068320204,29.68485666066418,0.5,0.0,2.34637329579159,0.11981324166241958,0.8059735934278036,0.0,1.9879060472233572,2338.8780421554447,27.10268428004741
112,39.174165657764256,502646.64873417496,5.290210570670889,29.68485666066418,2.031648935,1.677407435544642e-05,3.174637881371021,0.0,0.7105392717236704,0.0,1.9879060472233572,2328.0956162201883,26.976783119665917
113,45.6758118367897,500329.2863858239,6.369390490165528,29.68485666066418,13.07389996,1.7055871139745609,4.866666667,0.0,0.6264071944799225,0.0,1.9879060472233572,2317.3623483510473,26.851581731397573
114,41.987332392328035,498024.2867784309,5.61519895578475,29.68485666066418,0.4671333788,0.0,2.4766559252151583,1.678956898046506,0.7541915343807776,0.0,1.9879060472233572,2306.6785642910545,26.729405808711327
115,39.94394888242811,495728.23500199686,4.950310294482626,29.68485666066418,0.0,0.0,2.0433835098999222,0.0,0.6648886613021245,0.0,1.9879060472233572,2296.0517764340416,26.605376980816747
116,38.00001003668346,493442.7687610478,4.364150265132661,29.68485666066418,0.0,0.0,1.9439388457446476,0.0,0.5861600293499645,0.0,1.9879060472233572,2285.4662409490797,26.481947997982097
117,43.00634245960149,491167.83925286826,4.992557629311501,29.68485666066418,11.01816001,1.1451609200819801,4.866666667,0.0,0.5167535559031398,0.0,1.9879060472233572,2274.9295081795676,26.359191756744146
118,54.899681416159176,488903.83069082344,9.923316638014414,29.68485666066418,22.7147182,5.521921491949726,4.866666667,0.43279108449259407,0.5911624832468144,0.0,1.9879060472233572,2264.4413531293267,26.23866228772913
119,49.942451894044915,486656.9090276793,9.369448772573417,29.68485666066418,7.61246075,0.6211396039433928,4.866666667,7.081884001170877,1.175007469384389,0.0,1.9879060472233572,2254.003547145263,26.1246118132161
120,44.485874735863746,484417.23116564745,8.26002410203393,29.68485666066418,1.883389144,0.0,3.37331108579013,3.966655216391041,1.109424670539488,0.0,1.9879060472233572,2243.644517248262,26.003956573680842
121,47.58257682196754,482185.01814516966,8.313529660218856,29.68485666066418,10.10079652,1.0315646458093826,4.866666667,1.1058631210868297,0.9780590876244545,0.0,1.9879060472233572,2233.3188835989017,25.882926489973954
122,49.067099117358296,479964.64681381005,8.410515459250178,29.68485666066418,10.08890328,1.0813804126511901,4.866666667,2.65633390495806,0.9843946136198691,0.0,1.9879060472233572,2223.027665264549,25.76388849450685
123,43.43990196324473,477755.3233934217,7.414636878883802,29.68485666066418,0.4653944004,0.0,2.624971025877424,3.467620528636149,0.9958785803663759,0.0,1.9879060472233572,2212.7910409169904,25.64554196232153
124,40.70033473302167,475553.34353443864,6.536679031394953,29.68485666066418,0.0,0.0,2.11407522902271,0.6254920012003465,0.8779578474888493,0.0,1.9879060472233572,2202.6053509842486,25.52628720924723
125,39.88181160992178,473360.89001721254,5.7695321123018966,29.68485666066418,2.640917547,0.006853041508243444,3.452587628591647,0.0,0.7739999606013,0.0,1.9879060472233572,2192.4535172261103,25.407585917059436
126,39.503051967112384,471178.5444142521,5.135572014893835,29.68485666066418,3.744659039,0.049202959269761475,4.074215722539637,0.0,0.6831630566778224,0.0,1.9879060472233572,2182.345602960444,25.289544815559555
127,40.795277851271784,469006.26012482896,4.801576122573306,29.68485666066418,6.211487919,0.2741007448406045,4.64516129,0.0,0.6080966371611337,0.0,1.9879060472233572,2172.2842894231394,25.17222560309634
128,41.25848758205067,466843.99076305906,4.405266359079444,29.68485666066418,5.28060986,0.17223883922111324,4.64516129,0.0,0.5685486027149759,0.0,1.9879060472233572,2162.2693617698847,25.055854356710917
129,41.88952847143854,464691.6901569122,4.077161663704729,29.68485666066418,5.469719545,0.19351736561212862,4.64516129,0.0,0.5216220609868439,0.0,1.9879060472233572,2152.300606146869,24.939932109433787
130,42.438424410510024,462549.31234722596,3.780163332855642,29.68485666066418,5.379830494,0.1857732649285243,4.64516129,0.0,0.4827715957776112,0.0,1.9879060472233572,2142.3778096862175,24.824635270014102
131,40.70189765976197,460416.99764713657,3.3325589367021475,29.68485666066418,0.9917119449,0.0,2.542178283596537,0.18606041205152055,0.44760439615349434,0.0,1.9879060472233572,2132.5007605014425,24.70991054334282
132,39.779740029185234,458294.32754165545,2.9403995108184224,29.68485666066418,2.381968058,0.00244469546296981,3.3016809931137603,0.0,0.3946041213466953,0.0,1.9879060472233572,2122.6701054811288,24.59551638483448
133,39.07897119804388,456181.4436265186,2.605386612524328,29.68485666066418,2.896694957,0.013156117592228032,3.5843076705491224,0.0,0.3481690158863226,0.0,1.9879060472233572,2112.8839151368784,24.4817128495369
134,37.44809344477144,454078.3007842481,2.2968860534851547,29.68485666066418,0.4718739611,0.0,2.102751714372446,0.0,0.3085005590391733,0.0,1.9879060472233572,2103.1428422704716,24.368509824962203
135,35.89673636975174,451984.8541053723,2.024914658474836,29.68485666066418,0.5024748878,0.0,2.0538319628196957,0.0,0.2719713950103189,0.0,1.9879060472233572,2093.4466788758577,24.25586292034828
136,46.227333073259274,449901.0588874663,5.078292171517147,29.68485666066418,18.26890311,3.293145116492478,4.64516129,0.0,0.23976760345016565,0.0,1.9879060472233572,2083.7952179059607,24.143783467090675
137,61.34884938221979,447828.82481753797,15.898174139872149,29.68485666066418,33.14205711,11.421196171147876,4.64516129,1.9541833398916122,0.6013142027928757,0.0,1.9879060472233572,2074.1882532682575,24.03677631386891
138,62.45119429601681,445776.06052477,24.605370253627573,29.68485666066418,28.20748163,10.589678961512396,4.64516129,11.870296464690584,1.8824828477569713,0.0,1.9879060472233572,2064.6345892326663,23.941029839440354
139,49.24861675709073,443733.6618527381,21.79933979610741,29.68485666066418,4.063183543,0.10746055457010964,4.386285441694598,12.772015085661364,2.9134910120902724,0.0,1.9879060472233572,2055.170687117573,23.843426900195446
140,43.52589940496192,441691.47712238465,19.21810732893504,29.68485666066418,0.2737210202,0.0,2.4265948854389348,3.5698434868898716,2.5812324671723696,0.0,1.9879060472233572,2045.7545738403671,23.730598522624568
141,41.31867462810823,439655.8018369217,16.942515358764076,29.68485666066418,1.1,0.0,2.6430633368290506,0.6641614400246374,2.2755919701709653,0.0,1.9879060472233572,2036.339446902952,23.618089640281784
142,43.74312514578601,437628.8475063264,15.415764208244415,29.68485666066418,7.549002638,0.4793908303222263,4.64516129,0.0,2.00614198084189,0.0,1.9879060472233572,2026.954330595342,23.506346974807954
143,46.31919249392945,435612.00058305217,14.30261168495666,29.68485666066418,8.695934822,0.7122087698877207,4.64516129,0.7624974139688392,1.8253612931754761,0.0,1.9879060472233572,2017.609420688198,23.39609592625691
144,46.00168673731755,433605.6900889654,12.988651378227068,29.68485666066418,6.707864612,0.3795939931653701,4.64516129,2.0006150854465337,1.6935542998949606,0.0,1.9879060472233572,2008.3111091722387,23.286951036103666
145,42.78225693083577,431608.4695583866,11.450681469237,29.68485666066418,1.648344201,0.0,3.0269306103721787,1.840843397109602,1.5379699089900667,0.0,1.9879060472233572,1999.0613739759397,23.17809317051103
146,46.07706781569862,429618.95067912823,10.867665174152059,29.68485666066418,9.047483872,0.7728445271277269,4.64516129,0.33466717000943,1.3558608222126693,0.0,1.9879060472233572,1989.8535464283523,23.06941334835403
147,42.480163448909096,427640.14804646577,9.580838579757266,29.68485666066418,0.9159503269,0.0,2.634261391358055,1.8785933023314751,1.2868265943947919,0.0,1.9879060472233572,1980.6812259647872,22.96245322461117
148,43.555253477531494,425668.79370984685,8.73371199890161,29.68485666066418,6.211554028,0.2873284914591055,4.64516129,0.203974217918503,1.1344550723147606,0.0,1.9879060472233572,1971.558310836838,22.85510036986546
149,50.78715053050153,423707.00136969745,10.127015944558476,29.68485666066418,14.98190476,2.427451822672996,4.64516129,0.6773945943569655,1.0341478770161308,0.0,1.9879060472233572,1962.4697347437839,22.748747554028046
150,60.697249964676914,421758.03887054184,17.923504604485046,29.68485666066418,28.01362,8.995615908557026,4.64516129,4.462743367267574,1.199127248630452,0.0,1.9879060472233572,1953.4252425228678,22.645975414568536
151,51.46844099165017,419824.9476871035,16.45862836164127,29.68485666066418,7.422492308,0.6574234434463321,4.64516129,11.348716547580413,2.1222996862901096,0.0,1.9879060472233572,1944.439899985988,22.552663260642376
152,50.99970676611106,417894.2932167605,15.707850073774866,29.68485666066418,10.24775327,1.198067240922431,4.64516129,4.873258964616683,1.9488455287888347,0.0,1.9879060472233572,1935.5277293076183,22.44750556578276
153,52.46427768612981,415972.2562481625,15.72584110928328,29.68485666066418,12.57749412,1.87793784945475,4.64516129,4.589824060526498,1.8599468139463378,0.0,1.9879060472233572,1926.626792658552,22.343456545367147
154,52.827587859233795,414059.9806704077,15.713898443198222,29.68485666066418,12.34861361,1.8501344437971543,4.64516129,5.490007703098864,1.862077109882211,0.0,1.9879060472233572,1917.7655854578582,22.240920933043558
155,51.37680387237356,412156.7512424957,15.040772676906917,29.68485666066418,10.10186802,1.187537227487773,4.64516129,5.719953489372465,1.8606629937790777,0.0,1.9879060472233572,1908.9493814013506,22.13886516715686
156,56.66608999612802,410261.3938616322,18.040489460583267,29.68485666066418,19.82294793,4.780675800239033,4.935483871,4.8175021350064915,1.7809590165626827,0.0,1.9879060472233572,1900.1748829984986,22.03638597294311
157,59.180274605356345,408378.2678841297,22.306943677950738,29.68485666066418,22.16297417,6.40260593365264,4.935483871,8.310699756119034,2.136151716285171,0.0,1.9879060472233572,1891.4366772586545,21.939360359052813
158,58.88960432183279,406505.6803556058,25.5265601452895,29.68485666066418,20.67310095,5.860953673119351,4.935483871,10.167333689404186,2.641337205780586,0.0,1.9879060472233572,1882.7548622133227,21.844723442897294
159,62.094256758717115,404641.50494396285,32.84488498968235,29.68485666066418,28.42725026,10.34089279546516,4.935483871,9.946221156650502,3.0225679510723125,0.0,1.9879060472233572,1874.121632799536,21.749214199048975
160,49.72081631862601,402788.4551374044,29.220720819831477,29.68485666066418,5.304380258,0.26495744157743556,4.935483871,12.477379385513673,3.8891216114283083,0.0,1.9879060472233572,1865.527185943992,21.659770990771335
161,47.41649785758951,400935.3099586064,26.196912418397556,29.68485666066418,6.906198789,0.4361804789539577,4.935483871,3.838852900082539,3.4599888803878796,0.0,1.9879060472233572,1856.9840316980583,21.555925076685988
162,52.004351143194704,399089.4378344415,25.491697008750442,29.68485666066418,14.48837886,2.3967281127944893,4.935483871,2.568313590600313,3.101943522441602,0.0,1.9879060472233572,1848.4404377554954,21.452896844041206
163,50.693517208208135,397254.7101574109,23.605503990804,29.68485666066418,9.959594667,1.1322468328813786,4.935483871,5.202697898105187,3.01843985082782,0.0,1.9879060472233572,1839.9303749286912,21.353434268828035
164,47.86831967058404,395427.64551547344,21.266014573749043,29.68485666066418,6.972944661,0.45560868568256063,4.935483871,4.407049641941526,2.795098102737515,0.0,1.9879060472233572,1831.4716915793929,21.25294786723789
165,55.605804627766716,393607.4062442117,23.4508284894455,29.68485666066418,20.18493086,4.7028960126104025,4.935483871,2.8090660192069343,2.5180820969139472,0.0,1.9879060472233572,1823.0483372809174,21.152249136864057
166,53.382959713017584,391800.31541121955,22.571532283104233,29.68485666066418,12.17574306,1.897486964397525,4.935483871,7.565617139351603,2.7767831707387933,0.0,1.9879060472233572,1814.6564501314965,21.058115038766882
167,54.91281099325248,390000.0667905155,22.979423353660977,29.68485666066418,15.62245383,3.080557881015909,4.935483871,6.076560797749199,2.6726668104591647,0.0,1.9879060472233572,1806.3251815017895,20.96048326804944
168,51.18224044912594,388209.13212034374,21.28022532092473,29.68485666066418,9.317467469,1.0217666474858706,4.935483871,7.0907874946406615,2.720964680222118,0.0,1.9879060472233572,1798.0254576663745,20.864980652706247
169,43.95647284165435,386424.0631225973,18.76046054727214,29.68485666066418,0.0,0.0,2.5260912221830485,4.699676385288541,2.519764773652589,0.0,1.9879060472233572,1789.76867413173,20.767087325840347
170,40.927011760997864,384643.38418582134,16.53905795817299,29.68485666066418,0.0,0.0,2.169464627360346,0.8599964532961389,2.221402589099151,0.0,1.9879060472233572,1781.5389332292416,20.668382428999582
171,38.928557454952845,382870.05475390475,14.580688861797658,29.68485666066418,0.05251240532,0.0,2.0509667113650236,0.0,1.9583690963753317,0.0,1.9879060472233572,1773.3294319165836,20.570320683566923
172,37.00724478055068,381104.900939725,12.854207792378705,29.68485666066418,0.0,0.0,1.9213126744021656,0.0,1.7264810694189527,0.0,1.9879060472233572,1765.1538141797596,20.473011589078723
173,35.18075818330511,379347.88505106076,11.332157179662778,29.68485666066418,0.0,0.0,1.8264865972455682,0.0,1.5220506127159275,0.0,1.9879060472233572,1757.0158886642319,20.37645654310383
174,42.28530663767355,377598.969569464,11.83048590446264,29.68485666066418,13.88018756,1.84015523463156,4.935483871,0.0,1.3418265098316975,0.0,1.9879060472233572,1748.9154815967645,20.280615904558093
175,46.15630075139214,375858.23779224535,11.374470707411472,29.68485666066418,9.871938563,0.9448177916835157,4.935483871,0.12064278659789678,1.4008329887346822,0.0,1.9879060472233572,1740.8524200052727,20.187976377792022
176,60.06781533778213,374127.3290990032,20.06631645352744,29.68485666066418,30.80407568,10.038682547665081,4.935483871,1.9183946749449263,1.3468368015491115,0.0,1.9879060472233572,1732.8270879170884,20.09446563386413
177,54.11199710000365,372413.3349975576,19.60152118952059,29.68485666066418,11.74383967,1.9112320841080246,4.935483871,10.852941952670445,2.376027348114875,0.0,1.9879060472233572,1724.8470433982318,20.014015935110763
178,46.70089274128966,370702.9440605017,17.321549481813268,29.68485666066418,3.392638953,0.04101981651270723,4.208679975694789,6.554043519506501,2.3209915242200307,0.0,1.9879060472233572,1716.944980575395,19.921919885958776
179,42.898402074153886,368996.07988988206,15.270526546147439,29.68485666066418,1.494153961,0.0,3.1012857511430196,2.1953588769927537,2.0510229356658285,0.0,1.9879060472233572,1709.0595294966386,19.82752845462416
180,41.134302186411944,367295.27495207323,13.462362662268177,29.68485666066418,1.721611822,0.0,3.1003115757288677,0.385400134013072,1.808163883879261,0.0,1.9879060472233572,1701.1903379428811,19.733638980022956
181,39.362063474737404,365601.92587067647,11.86830119464058,29.68485666066418,0.6270633619,0.0,2.3993020735745416,0.0,1.5940614676275977,0.0,1.9879060472233572,1693.3490813967699,19.640405658699315
182,41.05476684569361,363916.3836719352,10.845426056897766,29.68485666066418,7.010622754,0.38243551204379994,4.935483871,0.0,1.4053106497866135,0.0,1.9879060472233572,1685.5421987412785,19.54786360460982
183,39.33695211811403,362238.61236361513,9.561232768467052,29.68485666066418,0.7512810133,0.0,2.469095740879584,0.0,1.2841932884307148,0.0,1.9879060472233572,1677.7713083200324,19.456520921940815
184,37.42646836059065,360568.57611941785,8.429099195661951,29.68485666066418,0.07876860799,0.0,1.9892523655133794,0.0,1.1321335728051014,0.0,1.9879060472233572,1670.0362441972818,19.36523476640405
185,35.582566640962774,358906.23927821557,7.431020138389573,29.68485666066418,0.008752067554,0.0,1.8526537871818742,0.0,0.9980790572723788,0.0,1.9879060472233572,1662.3368412022942,19.274569748921177
186,34.505884488675974,357251.56634328974,6.55112236970357,29.68485666066418,1.909614031,0.0,2.9862961832867936,0.0,0.8798977686860022,0.0,1.9879060472233572,1654.6729349258271,19.18449929099232
187,33.82986058103015,355604.52198157314,5.7985468837908964,29.68485666066418,3.242550697,0.023134692251418038,3.895439912394406,0.0,0.7757101781640914,0.0,1.9879060472233572,1647.0443617166172,19.094999744699127
188,38.58355851150914,353965.0710228953,6.192360284955492,29.68485666066418,11.01268142,1.0804120605210081,5.178571429,0.0,0.6865986593564122,0.0,1.9879060472233572,1639.4509586778865,19.006081752135024
189,52.70018272653117,352333.1784592314,12.238716940979403,29.68485666066418,26.07478191,6.779586265977971,5.178571429,0.0,0.7332296099540604,0.0,1.9879060472233572,1631.8925636638628,18.919140038437966
190,59.245768528268776,350714.44845980406,18.180024477846846,29.68485666066418,24.75365173,7.390478650307748,5.178571429,5.639015848954649,1.4491711134403056,0.0,1.9879060472233572,1624.3690152763181,18.840348292094696
191,55.12477385455831,349107.75969737355,18.7601008268147,29.68485666066418,14.00771509,2.7327502315313117,5.178571429,10.217388103179143,2.15267388256346,0.0,1.9879060472233572,1616.9061505337281,18.76211493592031
192,47.998968436429614,347505.4958995221,16.798660969644693,29.68485666066418,5.547688055,0.25992013788122814,5.178571429,7.235001906247467,2.2213599950512335,0.0,1.9879060472233572,1609.4987997576877,18.67717668749956
193,45.08042900549458,345906.26349300006,15.005695281936694,29.68485666066418,5.293261386,0.19614267545495231,5.136215175166854,2.8794429663132255,1.9891083631629498,0.0,1.9879060472233572,1602.1118494883137,18.588991480309026
194,43.686787653225835,344312.9132887052,13.422763143070002,29.68485666066418,5.361418452,0.19387340737955816,5.172515786002541,1.3886706108866467,1.7768055462462498,0.0,1.9879060472233572,1594.7388749057318,18.50119891781483
195,41.731498020861075,342726.25717288244,11.836105633687653,29.68485666066418,2.392373934,0.002715028874233421,3.608045197264924,0.7369033402256019,1.5893725382565809,0.0,1.9879060472233572,1587.3930191629972,18.41400807579256
196,45.58401868054143,341146.1791475662,11.399454117187814,29.68485666066418,9.995938986,0.9648468973196395,5.178571429,0.0,1.4014984138194782,0.0,1.9879060472233572,1580.07802531623,18.32716932612584
197,55.79674872611119,339575.01952873345,15.780719632019307,29.68485666066418,22.75610179,5.731060570578142,5.178571429,1.6337397448521016,1.349795055746648,0.0,1.9879060472233572,1572.7933585775859,18.242257635191617
198,47.98237648116721,338017.1678573978,14.126109016103916,29.68485666066418,5.184217384,0.21396459097166567,5.086487818891107,7.698137219081207,1.8685752068870563,0.0,1.9879060472233572,1565.5498085547185,18.16442465056515
199,44.349610832264176,336461.67073136324,12.50358141628448,29.68485666066418,3.640033624,0.050127240566817145,4.352185626621759,2.870486405714453,1.6726548403862544,0.0,1.9879060472233572,1558.3676124402905,18.07902978388773
200,42.54708485025212,334911.5165030882,11.062592668687374,29.68485666066418,3.503371093,0.03954463596021175,4.22430917886996,1.0420432601818854,1.4805333835573171,0.0,1.9879060472233572,1551.196271535266,17.993804525069983
201,40.4234702669767,333367.6997086402,9.752684954297886,29.68485666066418,0.7344457398,0.0,2.625291667635776,0.23276865543964395,1.3099077143894886,0.0,1.9879060472233572,1544.0495631034316,17.909113158160235
202,38.33364987454617,331830.767636365,8.597881768440287,29.68485666066418,0.008752067554,0.0,2.0985724599845286,0.0,1.154803185857599,0.0,1.9879060472233572,1536.9320722752025,17.824939600790316
203,36.348514434450024,330300.92131413956,7.579817378546682,29.68485666066418,0.0,0.0,1.985135440096142,0.0,1.0180643898936041,0.0,1.9879060472233572,1529.8463222254745,17.741345979891104
204,34.783540693834,328778.1280743823,6.682300715393621,29.68485666066418,0.8731032002,0.0,2.438076940816028,0.0,0.8975166631530611,0.0,1.9879060472233572,1522.7932397572704,17.6583178526348
205,33.506377247136186,327262.35540011973,5.891057873944673,29.68485666066418,1.506824904,0.0,2.7839883506978103,0.0,0.7912428414489484,0.0,1.9879060472233572,1515.772674262556,17.57583128647255
206,33.784313442502636,325753.5709242921,5.383035429978623,29.68485666066418,5.64603795,0.18953032563354594,5.178571429,0.0,0.6975527695995962,0.0,1.9879060472233572,1508.784475827649,17.493864984311013
207,47.86021145955509,324251.7424290621,10.826301074350448,29.68485666066418,25.33513356,6.080664113947547,5.178571429,0.0,0.6373984695757221,0.0,1.9879060472233572,1501.828495230017,17.412659719291852
208,44.10679553730759,322759.6425547235,9.572466212388292,29.68485666066418,3.224420965,0.028093861286909213,4.145033429440437,2.804709596520145,1.281928723249064,0.0,1.9879060472233572,1494.9045839350922,17.33998169798107
209,43.12617282147232,321272.54627001914,8.616479402048975,29.68485666066418,5.239552186,0.1774769004625704,5.1134580013433135,0.9292400000293798,1.1334637108018881,0.0,1.9879060472233572,1488.0255247043597,17.258644611833155
210,42.11648745179045,319791.86241162894,7.666424933265527,29.68485666066418,4.033720558,0.0702120435658052,4.487518646859463,0.4856752372566052,1.020266512349253,0.0,1.9879060472233572,1481.1695336274768,17.177982710498256
211,48.08970027214757,318317.56836615835,8.497578885876985,29.68485666066418,12.93977038,1.7389257076266416,5.178571429,0.04906042301623446,0.907771755015183,0.0,1.9879060472233572,1474.343105893629,17.097671107591058
212,51.78018397024401,316852.95074751886,9.770807938983618,29.68485666066418,14.07699044,2.2794167045556346,5.178571429,2.92851860834792,1.0061876514490022,0.0,1.9879060472233572,1467.546137247811,17.020141561880592
213,47.513889211207044,315397.2211647365,8.971253733869961,29.68485666066418,6.333868823,0.3573949006163063,5.178571429,5.064197252420663,1.1569491057299628,0.0,1.9879060472233572,1460.7937800348184,16.943734203562173
214,42.678014529822484,313945.7586284283,7.90897883813016,29.68485666066418,0.514647875,0.0,2.7306593453429504,2.6198632110416127,1.062274895739801,0.0,1.9879060472233572,1454.0823995192693,16.86496042201658
215,40.17853992336468,312498.65730011056,6.9724865796441415,29.68485666066418,0.0,0.0,2.2101114669058557,0.2893631395519472,0.9364922584860187,0.0,1.9879060472233572,1447.3906914572474,16.786054279663848
216,38.33217566499351,311057.938210147,6.146883194191394,29.68485666066418,0.01750413511,0.0,1.8638683934811764,0.0,0.8256033854527475,0.0,1.9879060472233572,1440.7190899635593,16.707553233752723
217,40.292784008969086,309623.8612975103,5.785397342505563,29.68485666066418,6.939870443,0.36635887302442016,4.612903226,0.0,0.7278447247102515,0.0,1.9879060472233572,1434.0769126367236,16.629544715377975
218,50.71613802953801,308196.39593963145,8.741678007261198,29.68485666066418,18.67757955,3.6413223034310724,4.612903226,0.0,0.6850416386754378,0.0,1.9879060472233572,1427.4653578788175,16.552526684776804
219,60.69434861060139,306779.9321437154,16.673873964223585,29.68485666066418,27.97888948,8.967287079031069,4.612903226,4.42048859390555,1.0350911220686807,0.0,1.9879060472233572,1420.8842845099723,16.480408352769263
220,52.41060035503171,305376.9246249595,15.657376541135502,29.68485666066418,8.633403154,0.9578350673701486,4.612903226,11.346413116199523,1.9743324904582316,0.0,1.9879060472233572,1414.353931872141,16.415696416780353
221,48.609837230521464,303974.495266116,14.22396954171998,29.68485666066418,6.688961555,0.42056330687506993,4.612903226,5.456258146635182,1.8539703062905932,0.0,1.9879060472233572,1407.8856169900937,16.33943858036583
222,46.431698826620035,302576.28832962416,12.818440095252642,29.68485666066418,5.926508877,0.2787129359425456,4.612903226,3.213031118958891,1.6842423824098822,0.0,1.9879060472233572,1401.4199676107726,16.26264023194914
223,43.74063778358113,301183.3722577228,11.330434905050694,29.68485666066418,3.278671187,0.029810214385599724,3.8822089635742434,2.057713052079069,1.5178154045875478,0.0,1.9879060472233572,1394.9737849534542,16.186105398209087
224,42.030191821030385,299795.5816289111,9.992330111712606,29.68485666066418,2.446631216,0.0035177841182409504,3.3921933263921296,0.7613660680403761,1.3416225774563284,0.0,1.9879060472233572,1388.5519948797191,16.109739855374983
225,45.56063263963718,298413.440483848,9.540553865619124,29.68485666066418,8.887436747,0.731403022099875,4.612903226,0.012689680293333139,1.183179268193357,0.0,1.9879060472233572,1382.1538347433657,16.033853241421088
226,43.65244783401798,297039.28101006453,8.486009519092045,29.68485666066418,4.060444946,0.0751406633437406,4.271242331683346,1.6222467565921104,1.129685009870819,0.0,1.9879060472233572,1375.7817205399945,15.95948277311445
227,49.046057315409314,295670.5559395908,9.080851125724138,29.68485666066418,12.32750598,1.5996593438795998,4.612903226,0.7213339287290573,1.0048177372475067,0.0,1.9879060472233572,1369.4464044025149,15.884712131793815
228,53.20636461193216,294310.875610292,10.574859518444093,29.68485666066418,14.79828441,2.569260578084918,4.612903226,3.455813309392243,1.0752521853649633,0.0,1.9879060472233572,1363.1361426081755,15.812491907879208
229,46.88045330394476,292959.9705295341,9.405720238976294,29.68485666066418,4.012896067,0.08301656470454535,4.293291595115691,5.962499215167161,1.2521558441723446,0.0,1.9879060472233572,1356.867579973081,15.741986595653666
230,49.150912735423894,291611.61903411656,9.4112639199648,29.68485666066418,10.2906045,1.1192632103442124,4.612903226,2.2879786321766535,1.1137195293557065,0.0,1.9879060472233572,1350.6394740497087,15.668299764193144
231,53.7174422722814,290270.7106320207,11.14499025906852,29.68485666066418,15.54227393,2.848102288767977,4.612903226,3.514738878374512,1.1143759496642578,0.0,1.9879060472233572,1344.4231409741928,15.59635906216528
232,48.40193335960432,288938.76381936175,10.127506416687071,29.68485666066418,5.893885069,0.302180467276423,4.612903226,6.294310288400661,1.319664309657872,0.0,1.9879060472233572,1338.2411229473548,15.527183950280508
233,44.74164778137222,287609.76205815666,8.970397558699243,29.68485666066418,3.494641622,0.04207646683183137,4.01419121495831,3.0986595184419614,1.1991853248196584,0.0,1.9879060472233572,1332.1004207235655,15.454716575180653
234,43.511358845585164,286285.01542041835,8.037083782188994,29.68485666066418,4.733648509,0.12885974060208297,4.608419310437609,1.2266583937473658,1.0621735171123328,0.0,1.9879060472233572,1325.9732961320365,15.382214996485787
235,41.643571624396216,284965.80724416394,7.085422778048164,29.68485666066418,1.831619252,0.0,3.0417937024418915,0.6576127707470542,0.95166100414083,0.0,1.9879060472233572,1319.8657890251445,15.31024717681144
236,41.251992968663856,283652.023428161,6.295800656798488,29.68485666066418,3.721947154,0.04935389772161262,4.064171912010746,0.0,0.8389760189712882,0.0,1.9879060472233572,1313.7838160029676,15.23854974617086
237,40.60381493815893,282344.29657713877,5.569125071542109,29.68485666066418,3.06044073,0.018802269310354863,3.6898164911945655,0.0,0.7454778545667344,0.0,1.9879060472233572,1307.7268510222098,15.167363830138887
238,39.72656885014128,281042.59876654507,4.913164204977028,29.68485666066418,2.455873829,0.003472243926414425,3.329647673091234,0.0,0.6594331104914948,0.0,1.9879060472233572,1301.6978105936737,15.096587381381811
239,44.83758285912525,279746.9022005689,5.466691832483258,29.68485666066418,10.85920647,1.1352892350160304,4.612903226,0.0,0.5817616075098012,0.0,1.9879060472233572,1295.6965659762125,15.026229555913721
240,42.15585605451861,278458.4515151123,4.819387713275415,29.68485666066418,1.469506216,0.0,2.8789294549500157,1.2723035656566186,0.6473041192078437,0.0,1.9879060472233572,1289.7229890222181,14.957849527646403
241,40.38599200344189,277174.7343996637,4.248730062458877,29.68485666066418,0.570376857,0.0,2.274538454081598,0.06570245399511655,0.5706576508165371,0.0,1.9879060472233572,1283.782817902599,14.888210435192576
242,39.55543711357245,275896.869929604,3.75088455035488,29.68485666066418,2.561602503,0.005241282452434465,3.386916110417009,0.0,0.5030867945564321,0.0,1.9879060472233572,1277.8644700597035,14.818928968767166
243,40.06727897704297,274624.89682481386,3.477090055622027,29.68485666066418,5.295088127,0.17034303752948188,4.612903226,0.0,0.44413753226233466,0.0,1.9879060472233572,1271.9731047901464,14.750059587611482
244,38.96369951904324,273358.78792420885,3.065372185870008,29.68485666066418,1.85858727,0.0,2.962166727999728,0.0,0.41171786975201907,0.0,1.9879060472233572,1266.1089006050017,14.68181162641177
245,37.17316202556802,272098.5161919259,2.702405312371037,29.68485666066418,0.01750413511,0.0,1.8080416285852243,0.0,0.36296687349897083,0.0,1.9879060472233572,1260.2717322829549,14.613687560227742
246,35.48394573086267,270844.0547167459,2.3824168908410974,29.68485666066418,0.06872080336,0.0,1.7579370980653495,0.0,0.31998842152993984,0.0,1.9879060472233572,1254.4614751800011,14.545941778342062
247,37.606260720042854,269595.37671151914,2.358690564540146,29.68485666066418,6.21402099,0.2583726678198238,3.833333333,0.0,0.2820989941207755,0.0,1.9879060472233572,1248.6780052267845,14.478564933658896
248,36.196520293140566,268352.4555125932,2.079400974940221,29.68485666066418,0.08464787502,0.0,1.4943883019222914,0.0,0.27928958959992495,0.0,1.9879060472233572,1242.9211989259493,14.411902714846905
249,34.818490847081534,267115.2645792437,1.8331817151374996,29.68485666066418,0.02625620266,0.0,1.4042856487190316,0.0,0.24621925980272155,0.0,1.9879060472233572,1237.1909333495016,14.345197438154255
250,33.48987670707394,265883.77749310754,1.6161169688838268,29.68485666066418,0.01750413511,0.0,1.3461182751175946,0.0,0.2170647462536727,0.0,1.9879060472233572,1231.4870861361849,14.278843251500716
251,32.20609810008107,264657.96795761865,1.4247545868186586,29.68485666066418,0.0,0.0,1.283778606992868,0.0,0.1913623820651682,0.0,1.9879060472233572,1225.8095354888676,14.21283337868236
252,30.971531006351984,263437.8097974467,1.256051184254799,29.68485666066418,0.0,0.0,1.2345670937290874,0.0,0.1687034025638597,0.0,1.9879060472233572,1220.1581601719422,14.14716168543668
253,29.78971028317805,262223.276957938,1.1073237398664268,29.68485666066418,0.01750413511,0.0,1.1993248582839335,0.0,0.1487274443883721,0.0,1.9879060472233572,1214.5328395087358,14.08182260417069
254,28.647771389088856,261014.34350455904,0.976206925515731,29.68485666066418,0.0,0.0,1.141938894089193,0.0,0.1311168143506959,0.0,1.9879060472233572,1208.9334533789342,14.016811067598473
255,27.549606819269275,259810.98362234302,0.8606154886012206,29.68485666066418,0.0,0.0,1.0981645698195803,0.0,0.1155914369145103,0.0,1.9879060472233572,1203.3598822160159,13.952122450233258
256,26.974943447450528,258613.17161533833,0.7587110886649641,29.68485666066418,1.747411107,0.0,2.3220744788187497,0.0,0.10190439993625655,0.0,1.9879060472233572,1197.8120070046996,13.887752516803925
257,32.81157667330587,257420.88190605992,1.5690078019801956,29.68485666066418,10.5701013,0.9001347411446524,3.833333333,0.0,0.08983802782942088,0.0,1.9879060472233572,1192.2897092784026,13.823697376776103
258,32.68077522640342,256234.0890349432,1.414527222922864,29.68485666066418,3.4659928,0.031303665676594636,3.565490581225862,0.0,0.18578424473392624,0.0,1.9879060472233572,1186.7928711167115,13.761187053341072
259,34.94117139961784,255052.76765980033,1.5120959604681832,29.68485666066418,6.358790637,0.26506113078557875,3.833333333,0.0,0.1674923932402597,0.0,1.9879060472233572,1181.3213751428632,13.697647842399615
260,35.73514069417281,253876.8925552791,1.4436152139085914,29.68485666066418,4.737867266,0.11056463844503168,3.833333333,0.0,0.1790453850046235,0.0,1.9879060472233572,1175.87510452124,13.634746017979953
261,34.73021004228617,252706.43861232424,1.2726785481610245,29.68485666066418,1.021169641,0.0,2.0261002928866447,0.0,0.17093666574756672,0.0,1.9879060472233572,1170.4539429548731,13.571907241525972
262,39.516066297802546,251541.38083764128,1.8690107919634145,29.68485666066418,9.366218102,0.7470285134836228,3.833333333,0.0,0.1506962696812327,0.0,1.9879060472233572,1165.0577746829604,13.509217326387324
263,44.152317975332245,250381.6943531629,2.422600078158433,29.68485666066418,9.244481519,0.774896508470299,3.833333333,0.0,0.2213072222752804,0.0,1.9879060472233572,1159.686484478394,13.44786687208209
264,42.947476679625154,249228.3046937939,2.1646783284039173,29.68485666066418,3.285757506,0.02893528514676523,3.511365240251399,0.9502982763089259,0.286857034901281,0.0,1.9879060472233572,1154.3399576453005,13.386744452863715
265,40.90267337963524,248079.68914992336,1.9083614842002987,29.68485666066418,0.01963785985,0.0,1.6575238338130165,0.4069173260268999,0.2563168442036185,0.0,1.9879060472233572,1149.022461196592,13.324845880648368
266,39.366956033337395,246935.96217497103,1.682394795842211,29.68485666066418,0.07876860799,0.0,1.6144859542878405,0.0,0.2259666883580877,0.0,1.9879060472233572,1143.7269749523298,13.26320425564712
267,37.85788938552402,245797.50814839153,1.4831845394653096,29.68485666066418,0.0,0.0,1.5090666478133772,0.0,0.19921025637690132,0.0,1.9879060472233572,1138.4540265795065,13.201865079665588
268,36.409983640591996,244664.30276020078,1.307562519537918,29.68485666066418,0.008752067554,0.0,1.4566578124860214,0.0,0.17562201992739157,0.0,1.9879060472233572,1133.2053881907539,13.140843938170192
269,35.02382748025048,243536.32181249154,1.1527356825851927,29.68485666066418,0.02625620266,0.0,1.4124123630015133,0.0,0.15482683695272537,0.0,1.9879060472233572,1127.9809477092447,13.08013519205348
270,33.68737804504046,242413.54121891668,1.0162416970889752,29.68485666066418,0.01750413511,0.0,1.3539535703200194,0.0,0.13649398549621752,0.0,1.9879060472233572,1122.7805935748613,13.019733722309962
271,32.40192523759422,241295.93700417486,0.8959097931159561,29.68485666066418,0.01750413511,0.0,1.3029569425562395,0.0,0.12033190397301913,0.0,1.9879060472233572,1117.6042147418143,12.959634869132067
272,31.16268727531337,240183.4853034986,0.7898262388763214,29.68485666066418,0.008752067554,0.0,1.2479900298348479,0.0,0.10608355423963464,0.0,1.9879060472233572,1112.4517006762708,12.899834378214509
273,30.040190975432086,239076.16236214462,0.6963039051597635,29.68485666066418,0.2312810133,0.0,1.3537773131812822,0.0,0.09352233371655799,0.0,1.9879060472233572,1107.3229413539948,12.840328353413593
274,28.89127945928151,237973.94453488663,0.6138554336084264,29.68485666066418,0.008752067554,0.0,1.1576635837045757,0.0,0.08244847155133707,0.0,1.9879060472233572,1102.2178272579965,12.781113215008924
275,27.783780413438688,236876.80828551043,0.5411695821009794,29.68485666066418,0.0,0.0,1.1074990458428204,0.0,0.072685851507447,0.0,1.9879060472233572,1097.1362493761956,12.72218566290424
276,26.89064821344841,235784.73018631132,0.4770903710500748,29.68485666066418,0.6187520676,0.0,1.5118842675902746,0.0,0.06407921105090464,0.0,1.9879060472233572,1092.0780991990916,12.663542644182474
277,26.081296174682333,234697.68691759388,0.42059869896055285,29.68485666066418,0.2160164598,0.0,1.0253684985660783,0.0,0.05649167208952194,0.0,1.9879060472233572,1087.0432687174482,12.605181324499549
278,25.50695633649119,233615.6552671739,0.3707961348663275,29.68485666066418,1.023692591,0.0,1.5980324291911425,0.0,0.04980256409422534,0.0,1.9879060472233572,1082.031650419986,12.547099062862308
279,24.74478043845194,232538.6121298828,0.3268906298844796,29.68485666066418,0.2376965106,0.0,0.9998724086392503,0.0,0.043905504981847907,0.0,1.9879060472233572,1077.043137291087,12.489293389389957
280,23.948991387185977,231466.53450707428,0.2881839206462982,29.68485666066418,0.009818929923,0.0,0.8056079811889648,0.0,0.038706709238181355,0.0,1.9879060472233572,1072.0776228085101,12.431761985705688
281,23.176443277829208,230399.39950613317,0.25406042427224385,29.68485666066418,0.0,0.0,0.7725481093567695,0.0,0.03412349637405439,0.0,1.9879060472233572,1067.1350009411155,12.37450266764714
282,22.431091753952966,229337.18433998656,0.22397744827898905,29.68485666066418,0.009818929923,0.0,0.755170453799241,0.0,0.03008297599325479,0.0,1.9879060472233572,1062.2151661466012,12.317513370021038
283,21.71339770180968,228279.8663266173,0.19745655971908038,29.68485666066418,0.02625620266,0.0,0.7439502548032864,0.0,0.026520888559908664,0.0,1.9879060472233572,1057.3180133692483,12.260792133160086
284,21.018666631501244,227227.42288857963,0.17407597628994087,29.68485666066418,0.02625620266,0.0,0.7209872729684373,0.0,0.0233805834291395,0.0,1.9879060472233572,1052.4434380376797,12.204337091068657
285,20.836852722507604,226179.83155251702,0.1551195696490555,29.68485666066418,2.362450542,0.0016557112469488715,2.5426087397466914,0.0,0.020612117887834267,0.0,1.9879060472233572,1047.5913360626253,12.148146460969171
286,20.80613391236202,225137.06994868233,0.15164491910971042,29.68485666066418,3.093273931,0.014892863028356875,3.109099878117223,0.0,0.01836751356770194,0.0,1.9879060472233572,1042.7616038346996,12.092220803188548
287,20.134968302205287,224099.11581046015,0.13368883455169972,29.68485666066418,0.0,0.0,0.6711656101567341,0.0,0.017956084558010694,0.0,1.9879060472233572,1037.95413822219,12.036574078170963
288,19.488977647660565,223065.9469738913,0.1178589074313884,29.68485666066418,0.01750413511,0.0,0.6634947896547194,0.0,0.015829927120311324,0.0,1.9879060472233572,1033.1688365688547,11.981164034064795
289,18.860300949273494,222037.54137719955,0.10390338211489758,29.68485666066418,0.0,0.0,0.6286766983870724,0.0,0.01395552531649081,0.0,1.9879060472233572,1028.4055966917285,11.926012248429032
290,18.25355481066518,221013.8770603206,0.0916003130370037,29.68485666066418,0.008752067554,0.0,0.6154982061623135,0.0,0.012303069077893879,0.0,1.9879060472233572,1023.6643168789445,11.871117199019048
291,18.027173056588477,219994.93216443303,0.08075403492832049,29.68485666066418,1.985600057,0.0,2.2119818110766998,0.0,0.010846278108683206,0.0,1.9879060472233572,1018.9448958875588,11.816477409871421
292,18.64467296887979,218980.68493149165,0.11359562870714118,29.68485666066418,3.885709942,0.04240357770869058,3.225806452,0.0,0.009561983929869898,0.0,1.9879060472233572,1014.2472329413902,11.762091446441474
293,20.452891736204048,217971.1137037628,0.21767754854973229,29.68485666066418,5.151557855,0.11753263567574161,3.225806452,0.0,0.013450715833150535,0.0,1.9879060472233572,1009.5712277288684,11.708016024212093
294,19.953730154308385,216966.1969233619,0.19190262321041582,29.68485666066418,0.7852636264,0.0,1.2844252082956633,0.0,0.025774925339316464,0.0,1.9879060472233572,1004.9167804008914,11.65428774737794
295,19.608644093915192,215965.9131317932,0.16917967443309906,29.68485666066418,1.496375124,0.0,1.841461184393192,0.0,0.02272294877731675,0.0,1.9879060472233572,1000.2837915686933,11.60062986764692
296,18.97782334936148,214970.24096949148,0.14914732150329407,29.68485666066418,0.008752067554,0.0,0.6395728121077103,0.0,0.02003235292980498,0.0,1.9879060472233572,995.672162301723,11.547223387753194
297,18.39141444474249,213979.15917536596,0.13148697434338408,29.68485666066418,0.1358372083,0.0,0.7222461129189869,0.0,0.01766034715990999,0.0,1.9879060472233572,991.0817941255302,11.494066672684182
298,18.39141444474249,212992.6465863463,0.11591776672701361,29.68485666066418,0.0,0.0,0.0,0.0,0.015569207616370468,0.0,1.9879060472233572,986.5125890196641,11.441158151325276
